<?xml version="1.0" encoding="UTF-8"?>
<ciudades>
    <ciudad>
        <nombre>Nueva Delhi</nombre>
        <pais continente="Asia">India</pais>
    </ciudad>
    <ciudad>
        <nombre>Lisboa</nombre>
        <pais continente="Europa">Portugal</pais>
    </ciudad>
    <ciudad>
        <nombre>El Cairo</nombre>
        <pais continente="África">Egipto</pais>
    </ciudad>
</ciudades>

<!-- 
    <geografia>
        <continente>
            <nombre>Asia</nombre>
            <paises>
                <nombrePais>India</nombrePais>
                <ciudades>
                    <ciudad>
                        <nombreCiudad>Nueva Delhi</nombreCiudad>
                    </ciudad>
                </ciudades>
            </paises>
        </continente>
    </geografia>
    .............................................................
    <geografia>
        <continente nombre="Asia">
            <paises>
                <nombrePais>India</nombrePais>
                <ciudades>
                    <ciudad>
                        <nombreCiudad>Nueva Delhi</nombreCiudad>
                    </ciudad>
                </ciudades>
            </paises>
        </continente>
    </geografia>
-->