<?xml version="1.0" encoding="UTF-8"?>
<ies>
    <nombre>IES Maria Enriquez</nombre>
    <web> https://portal.edu.gva.es/mariaenriquez/</web>
    <ciclos>
        <ciclo id="ASIR">
            <nombre>Administración de Sistemas Informáticos en Red</nombre>
            <grado>Superior</grado>
            <decretoTitulo año="2009" />
        </ciclo>
        <ciclo id="DAW">
            <nombre>Desarrollo de Aplicaciones Web</nombre>
            <grado>Superior</grado>
            <decretoTitulo año="2010" />
        </ciclo>
        <ciclo id="SMR">
            <nombre>Sistemas Microinformáticos y Redes</nombre>
            <grado>Medio</grado>
            <decretoTitulo año="2008" />
        </ciclo>
    </ciclos>
</ies>
