<?xml version="1.0" encoding="UTF-8"?>
<?xml-stylesheet href="inventario.xsl" type="text/xsl"?>
<inventario>
    <producto codigo="P1">
        <peso unidad="kg">10</peso>
        <nombre>Ordenador</nombre>
        <lugar edificio="B">
            <aula>10</aula>
        </lugar>
    </producto>
    <producto codigo="P2">
        <peso unidad='g'>500</peso>
        <nombre>Switch</nombre>
        <lugar edificio="A">
            <aula>6</aula>
        </lugar>
    </producto>
    <producto codigo="P3">
        <peso unidad='kg'>7</peso>
        <nombre>Mesa</nombre>
        <lugar edificio="B">
            <aula>6</aula>
        </lugar>
    </producto>
    <producto codigo="P4">
        <peso unidad='g'>15000</peso>
        <nombre>Polvo</nombre>
        <lugar edificio="A">
            <aula>16</aula>
        </lugar>
    </producto>
    <producto codigo="P5">
        <peso unidad='kg'>15</peso>
        <nombre>Nevera</nombre>
        <lugar edificio="A">
            <aula>12</aula>
        </lugar>
    </producto>
    <producto codigo="P6">
        <peso unidad='kg'>7</peso>
        <nombre>Mando</nombre>
        <lugar edificio="A">
            <aula>26</aula>
        </lugar>
    </producto>
    <producto codigo="P7">
        <peso unidad='kg'>4</peso>
        <nombre>Garrafa</nombre>
        <lugar edificio="A">
            <aula>1</aula>
        </lugar>
    </producto>
    <producto codigo="P8">
        <peso unidad='kg'>20</peso>
        <nombre>Escultura Romana</nombre>
        <lugar edificio="A">
            <aula>26</aula>
        </lugar>
    </producto>
</inventario>